Spaghetti Bolognese,Spaghetti,200g
Spaghetti Bolognese,Ground Beef,250g
Spaghetti Bolognese,Tomato Sauce,150ml
Spaghetti Bolognese,Parmesan,50g
Chicken Stir Fry,Chicken Breast,200g
Chicken Stir Fry,Bell Pepper,1
Chicken Stir Fry,Soy Sauce,50ml
Chicken Stir Fry,Ginger,10g
Vegetable Curry,Potatoes,300g
Vegetable Curry,Carrots,200g
Vegetable Curry,Curry Paste,50g
Vegetable Curry,Coconut Milk,200ml
Beef Tacos,Ground Beef,250g
Beef Tacos,Taco Shells,6
Beef Tacos,Cheese,100g
Beef Tacos,Salsa,50ml
Grilled Cheese,Cheese,100g
Grilled Cheese,Bread Slices,2
Grilled Cheese,Butter,20g
Salad,Tomato,1
Salad,Cucumber,1
Salad,Lettuce,1
Salad,Dressing,30ml
Pancakes,Flour,200g
Pancakes,Milk,300ml
Pancakes,Eggs,2
Pancakes,Syrup,50ml
